fixed rate,success rate,failure rate,error rate,success std,failure std,error std
0.0,0.6818544787632629,0.0,0.31814552123673706,0.014571285345448645,0.0,0.014571285345448645
0.1875,0.6155424479825088,0.13976513695119228,0.24469241506629902,0.01505667925198941,0.011125469757590094,0.013318145709018323
0.375,0.523400431462198,0.3230610252616642,0.15353854327613778,0.015747656130478554,0.014596382166720476,0.011460885604209556
0.5625,0.40043512844052215,0.5071337077635456,0.09243116379593228,0.014940596211742055,0.015512857635638826,0.009295757358180775
0.75,0.29614105369997384,0.6786569190522805,0.02520202724774562,0.014606896213431638,0.014991561137686734,0.004831294133335716
0.0,0.6832586674398106,0.0,0.3167413325601894,0.014932028718206905,0.0,0.014932028718206905
0.1875,0.6163162371491301,0.13999549584675605,0.24368826700411392,0.01537520294375255,0.011096215681309037,0.014095953728963296
0.375,0.5102264962505372,0.32054860877937713,0.1692248949700857,0.015418050740334368,0.01483041021423945,0.011779822716320639
0.5625,0.39837351612278693,0.509244404926869,0.09238207895034406,0.015468607705469843,0.015587531949169299,0.00895214547824305
0.75,0.3141483444438884,0.6743482694528673,0.011503386103244279,0.015086183148854801,0.015069539483975724,0.003352594269302269
0.0,0.6816775751863934,0.0,0.3183224248136067,0.014774771379440459,0.0,0.014774771379440457
0.1875,0.6090809125570757,0.13326814480505653,0.2576509426378677,0.01506819234113334,0.010705273644815973,0.01406803749322091
0.375,0.5249966980939527,0.32288474142952067,0.15211856047652653,0.015542870041173855,0.015104620825342478,0.010964060030760626
0.5625,0.42583745315052157,0.5031271717881822,0.07103537506129629,0.01548937400898386,0.01565730072818118,0.007944407590038168
0.75,0.3151192892441003,0.6735777278865092,0.011302982869390412,0.014575997864213765,0.014683911492666063,0.003308754454177666
0.0,0.6820047022521931,0.0,0.3179952977478068,0.014328472482561343,0.0,0.014328472482561343
0.1875,0.6168784320402817,0.13917082454678098,0.2439507434129373,0.014817878755366137,0.010981293116419062,0.013539710055769387
0.375,0.5239889560650692,0.3224292516470912,0.1535817922878395,0.01593687216530065,0.015229487148812143,0.011338464966191184
0.5625,0.3975510686831939,0.5095571300173808,0.09289180129942536,0.0160911529259876,0.01631702209186929,0.00915522279709352
0.75,0.29568579245210547,0.6797191359313495,0.024595071616545013,0.014762410774668375,0.015300562493873803,0.004949319683916448
0.0,0.6809393228690251,0.0,0.319060677130975,0.014281804938182291,0.0,0.014281804938182291
0.1875,0.6172255847035656,0.13900029851111367,0.24377411678532068,0.014715862662812216,0.010901898937873635,0.01285811298840241
0.375,0.5240974470013323,0.3238385774830726,0.15206397551559503,0.015553939818276716,0.014886712307464314,0.010885893646942573
0.5625,0.4253753576019789,0.5031060546614999,0.07151858773652112,0.01596119027456609,0.016101313138204593,0.00828760821835888
0.75,0.29670456095769193,0.6782205191326711,0.025074919909636784,0.01480961016689947,0.015039510632876228,0.005001183267683199
0.0,0.5929594543361997,0.0,0.4070405456638003,0.014990908174528484,0.0,0.014990908174528488
0.1875,0.6157698876731095,0.13923104093646368,0.24499907139042684,0.015963956247821497,0.011296661964387753,0.013513498128413771
0.375,0.5245959102270011,0.3223273320857536,0.1530767576872452,0.015361188473005938,0.015080626973413955,0.011512746665134436
0.5625,0.40175190357091506,0.5051958543332823,0.09305224209580265,0.015206148737525217,0.015589401683318837,0.00933684572551425
0.75,0.3115275591842419,0.6759717675054645,0.012500673310293564,0.01482812918882346,0.015131667506429329,0.003569038617866591
0.0,0.5917147452336341,0.0,0.4082852547663659,0.015467987005820248,0.0,0.015467987005820248
0.1875,0.6146110287992321,0.13746067072431079,0.2479283004764571,0.015353952810993774,0.010932115221449962,0.01368386814189867
0.375,0.5240949673424966,0.32370093797311794,0.15220409468438537,0.01571527484394427,0.014803171658050058,0.011184176959975062
0.5625,0.4017362561198041,0.5054023521507022,0.09286139172949363,0.01495705073663657,0.0153034561229004,0.009006069099674217
0.75,0.31257338818786345,0.6759173054953345,0.011509306316801983,0.01437364587128452,0.014475500604790394,0.003325107541999446
0.0,0.6817335476789231,0.0,0.3182664523210768,0.01446721833021121,0.0,0.014467218330211211
0.1875,0.615793051961348,0.14026542358712846,0.24394152445152345,0.01583004587880849,0.011136462525077726,0.014432956861440884
0.375,0.5244737130019722,0.3238761041837145,0.15165018281431328,0.015748513286607653,0.014764284987267503,0.010852679387832905
0.5625,0.40125330487842087,0.5056882281625161,0.093058466959063,0.015338293017391296,0.015502084383377107,0.009370703431821526
0.75,0.2967943503474323,0.6779274241323533,0.025278225520214522,0.014135203363071034,0.014589080081415478,0.004965806471490739
0.0,0.6814429810358159,0.0,0.318557018964184,0.01486940324541301,0.0,0.014869403245413007
0.1875,0.6159408662251593,0.1385494200992024,0.24550971367563823,0.015769329988796262,0.010678895321662689,0.014092179138651692
0.375,0.5242837767447381,0.32307433168133914,0.1526418915739227,0.01641126753275215,0.015573493036534174,0.01113941286455689
0.5625,0.3966440571335894,0.5107001105974767,0.09265583226893397,0.015064681956843034,0.01582867555597516,0.009109856814833098
0.75,0.2967575670551124,0.6781318425492027,0.025110590395685018,0.014659846319967666,0.015321337693247554,0.004792742801297518
0.0,0.6819129252223699,0.0,0.31808707477763,0.015216520699270009,0.0,0.015216520699270007
0.1875,0.6160377642449205,0.1377882898389086,0.24617394591617098,0.014904792472091685,0.01102618671648588,0.013618425510389182
0.375,0.5238504988974214,0.3241181536586269,0.15203134744395158,0.015710368641655193,0.014916333644062104,0.01130345090450768
0.5625,0.42522247848785744,0.5026934512360953,0.07208407027604724,0.015603679086142965,0.01644413078638768,0.00845533838678977
0.75,0.29691480024775135,0.6778370757470498,0.025248124005198814,0.01439146177359691,0.014766119401509783,0.004816366748336174
0.0,0.6813577365830431,0.0,0.31864226341695695,0.014481614336758293,0.0,0.014481614336758295
0.1875,0.6136496431714641,0.13652247522257896,0.24982788160595704,0.015391618436842235,0.010770294320113841,0.013502754424319134
0.375,0.5250187274393429,0.32238850007600206,0.15259277248465503,0.01577077017241003,0.014876713045506295,0.011385339720066764
0.5625,0.42623007374467103,0.5028846208886896,0.07088530536663935,0.015879946637676088,0.015964011428969825,0.00814862013193293
0.75,0.313254265213429,0.6751991269948567,0.011546607791714174,0.014709867339624592,0.014651788089962684,0.003333983208499498
0.0,0.6819277276112096,0.0,0.3180722723887904,0.015047431605442781,0.0,0.015047431605442784
0.1875,0.6158343364516343,0.13968315428388883,0.24448250926447682,0.016005960297944592,0.011217843312869121,0.013354538926753352
0.375,0.5182119503977654,0.32209848235130484,0.15968956725092978,0.015546933632742168,0.014741661842135734,0.011591576852909737
0.5625,0.39757422740924814,0.5107269347784973,0.09169883781225453,0.015043352360590888,0.015431819359701447,0.009244810005744406
0.75,0.31340934301250206,0.675213222137712,0.011377434849786091,0.014612447836448862,0.014646993725442353,0.003273585191176519
0.0,0.6814870355516298,0.0,0.31851296444837013,0.014432249387688568,0.0,0.014432249387688568
0.1875,0.60960846739196,0.13353204181635547,0.25685949079168463,0.014345282772783205,0.01085050858964104,0.013067712379937264
0.375,0.5243075793537995,0.32359949536881744,0.15209292527738302,0.015398214657155442,0.014392762302059641,0.011375550041491246
0.5625,0.42641021093006576,0.5029427282616064,0.07064706080832779,0.015761276271550037,0.01580648775053095,0.007688668801571963
0.75,0.3145046441312784,0.6736713297956708,0.011824026073050936,0.014790491621085375,0.014978387220409317,0.0034309020477900475
0.0,0.6831303107373564,0.0,0.31686968926264353,0.014373976393430472,0.0,0.014373976393430472
0.1875,0.609982950244891,0.13335724744134905,0.25665980231375984,0.015588371728388518,0.010507441123953467,0.013960993687659753
0.375,0.5110505212634611,0.31936259089261954,0.1695868878439194,0.016003620962404805,0.01524679987949313,0.012100368026873726
0.5625,0.40213534869686124,0.5050737448926248,0.09279090641051406,0.01462683397056532,0.015219743310529759,0.00938272231449202
0.75,0.29513330347559913,0.6788035513335761,0.026063145190824866,0.014617597329727627,0.015022947580755577,0.005070761666852992
0.0,0.6813971918139505,0.0,0.3186028081860495,0.014514627396749982,0.0,0.014514627396749982
0.1875,0.6167900020664053,0.13876007582871488,0.24444992210487976,0.015216837599795849,0.01094100663142796,0.013146267884394382
0.375,0.5078565520995364,0.3196653862920956,0.17247806160836793,0.015825261548107757,0.015109887497285307,0.01195629787306558
0.5625,0.4206610378328729,0.5028837366962586,0.07645522547086847,0.01611364097684178,0.016087420630238974,0.00820980033419648
0.75,0.2963195376451949,0.6786725493090188,0.025007913045786177,0.014336792916291892,0.014737994858781822,0.004860985303744733
0.0,0.6808116890429292,0.0,0.3191883109570708,0.014595441298573653,0.0,0.014595441298573654
0.1875,0.6134504786592127,0.1372759370188101,0.2492735843219773,0.01537969070068258,0.01104958489023648,0.01377472234864238
0.375,0.5242156270974109,0.3222966832297049,0.15348768967288418,0.015430792380535607,0.01472164250076894,0.011119803022570929
0.5625,0.4219287415179972,0.5033605983139582,0.07471066016804455,0.015468758430537086,0.015586005488033863,0.008143792989020219
0.75,0.313828129719187,0.6747872928416763,0.011384577439136621,0.014365605622502416,0.014379182657224536,0.0033510558296671517
0.0,0.6807810444522265,0.0,0.31921895554777346,0.014549076307282352,0.0,0.01454907630728235
0.1875,0.6153659844782462,0.13869650039214496,0.2459375151296087,0.016274874806469733,0.01138876960869679,0.014087874775514224
0.375,0.5243706195435074,0.3224727441892504,0.15315663626724219,0.016147864874206358,0.014552952067606578,0.011290124949699372
0.5625,0.39963379448980346,0.507078176386381,0.09328802912381562,0.015258520886674395,0.015741128012987726,0.009411724100235231
0.75,0.3142680157249881,0.6745154254091378,0.011216558865874126,0.014779236843348127,0.015017014531892435,0.003317687775639788
0.0,0.5913673422622128,3.004144072449552e-06,0.4086296535937148,0.01549505532854573,5.4766845962149504e-05,0.015494421843973583
0.1875,0.6149895565606045,0.1405351512079638,0.24447529223143172,0.015341377703316008,0.010832632434307137,0.01354472758733511
0.375,0.4980908357849403,0.32080010282712684,0.18110906138793287,0.01612392234728486,0.015398829311320016,0.012617047129932174
0.5625,0.3969066052289431,0.5101369736411245,0.09295642112993227,0.015363465507138597,0.015581565989810827,0.009239673900519245
0.75,0.29654242825915084,0.6779685615655847,0.025489010175264386,0.014698863224033564,0.014675392595062888,0.004820191206786278
0.0,0.6822359904774796,0.0,0.31776400952252026,0.014759201545804216,0.0,0.014759201545804216
0.1875,0.6164384180244873,0.13917570042848218,0.24438588154703048,0.015368697772897223,0.011264333809653955,0.013412988451195087
0.375,0.5244606556088397,0.3236470056623723,0.15189233872878805,0.01532434852076533,0.014328939992983819,0.011566458269877705
0.5625,0.42546075846410353,0.5039280040912913,0.07061123744460505,0.01611849859000111,0.01619334930680104,0.008499146208836872
0.75,0.29655632823043704,0.678756015519763,0.02468765624979998,0.014170483645309626,0.014574083807964688,0.0050368126109999545
0.0,0.6813473775336135,0.0,0.31865262246638637,0.015159219616090576,0.0,0.015159219616090572
0.1875,0.6149733401692579,0.13858762332616073,0.24643903650458146,0.015095536830572711,0.010353833856232567,0.0135186915042378
0.375,0.5255270285668282,0.32279418517010294,0.1516787862630688,0.015314438732072791,0.014763876719978327,0.011086327556155049
0.5625,0.39695340715987043,0.5101805030930763,0.09286608974705324,0.015104584705694184,0.015514457130334091,0.009317993820186457
0.75,0.29576746621713756,0.6789804221178619,0.02525211166500045,0.014139176565766147,0.01449080700294853,0.0051016822183612455
0.0,0.6814827473252888,0.0,0.31851725267471126,0.0150346720018513,0.0,0.015034672001851301
0.1875,0.6109994243515647,0.13370315336510208,0.2552974222833332,0.01529232136748946,0.010423509759301614,0.013413530106461475
0.375,0.5253980440744846,0.32270290528360246,0.15189905064191295,0.01539375087545643,0.014828666355876582,0.011014900872915597
0.5625,0.4212192183596175,0.5038865698029557,0.07489421183742684,0.015110030763308002,0.015632507624109317,0.008210828090241332
0.75,0.2968775937854716,0.6776910207171069,0.025431385497421514,0.014338728440450898,0.014775834869624256,0.005132203607508203
0.0,0.6820715339444361,0.0,0.31792846605556396,0.014230048149940435,0.0,0.014230048149940432
0.1875,0.616419620677981,0.13946708718043516,0.2441132921415839,0.01586345410608227,0.011047418070743956,0.013820725064958659
0.375,0.5246623966440187,0.323017830021298,0.1523197733346832,0.016031845507563074,0.01536386400658195,0.011585139362524453
0.5625,0.32673596464160515,0.5176257274049303,0.1556383079534645,0.015002315414257792,0.015454068749445255,0.011210403395998995
0.75,0.29788975136770396,0.6771398072950296,0.02497044133726637,0.014401554765171597,0.014763851390783433,0.004978436311254619
0.0,0.6812572381078367,0.0,0.31874276189216333,0.015035838163026491,0.0,0.015035838163026493
0.1875,0.6152588562638969,0.13922424584049678,0.24551689789560632,0.015291568795470447,0.010928332165594324,0.014321658116950848
0.375,0.5243044548003672,0.3215404037363035,0.15415514146332912,0.016284418931935555,0.015048789118335034,0.011624167918183862
0.5625,0.4252703785317239,0.503384922394035,0.07134469907424114,0.01574527860189954,0.015767953070765724,0.00858956473196996
0.75,0.29625740468855727,0.6778049791612324,0.025937616150210445,0.014497583757115556,0.015010905560589446,0.005129587698128094
0.0,0.6811581682249243,0.0,0.31884183177507563,0.015059313214852587,0.0,0.015059313214852592
0.1875,0.6164211918497958,0.13936261711225245,0.24421619103795172,0.015153481858147117,0.01126192869010246,0.013527057173356994
0.375,0.5184685231249395,0.3215746757486581,0.1599568011264023,0.016232909901715546,0.014906265093934367,0.01134535165540009
0.5625,0.41851645477838934,0.5024547053977423,0.07902883982386831,0.01639330104465905,0.016238693637144485,0.008243622753460828
0.75,0.3140296129237904,0.674337221262841,0.011633165813368568,0.014896184410998294,0.014851220753097602,0.0033733846608480188
0.0,0.6825071668099131,0.0,0.3174928331900869,0.014825390197236632,0.0,0.014825390197236632
0.1875,0.6088652303502797,0.13364151592759707,0.25749325372212317,0.01524679560863921,0.010583395208043267,0.013739167626515864
0.375,0.5227488184893766,0.3225308319749184,0.15472034953570493,0.015667764729093005,0.014726328507932413,0.01121348674586625
0.5625,0.3976152942414801,0.5103482262641401,0.09203647949437971,0.01560758837952518,0.016091228051778962,0.008880795363815001
0.75,0.5319869884734708,0.07011777042542297,0.3978952411011062,0.01580843369367744,0.008326079637965406,0.016072013630284765
0.0,0.681386625547324,0.0,0.31861337445267607,0.015260871154459447,0.0,0.01526087115445945
0.1875,0.6155032356404875,0.13856724970649179,0.24592951465302074,0.015433691242500288,0.01101328488387507,0.014092649003003258
0.375,0.525180173850667,0.3220349547734096,0.15278487137592345,0.015334594955138774,0.014586962417934267,0.011284194351955313
0.5625,0.4241189722351906,0.5043238224655665,0.07155720529924275,0.014791510296849398,0.015396515181612301,0.008202697785218536
0.75,0.2963270482145697,0.6783488491518632,0.02532410263356705,0.01481735552569288,0.014889000168086908,0.005000936651625155
0.0,0.6821236248280029,0.0,0.31787637517199707,0.014665159131937213,0.0,0.01466515913193721
0.1875,0.616194893937659,0.13921264346954673,0.2445924625927943,0.015820563466497153,0.010782719151243257,0.014065129450839868
0.375,0.41462665408426813,0.326928152278169,0.25844519363756285,0.015406268236840178,0.014934680883297904,0.01369189011128352
0.5625,0.4257533015075491,0.5040200862277897,0.07022661226466116,0.015008666143322693,0.01513648467485098,0.008068722266819438
0.75,0.29708504490750454,0.6777619742519833,0.025152980840512172,0.014723245396560338,0.015035479273076567,0.005010012651950928
0.0,0.6815993117311239,0.0,0.318400688268876,0.014928793869715832,0.0,0.014928793869715828
0.1875,0.6133108419842641,0.13578420616560408,0.2509049518501317,0.01565620493788609,0.011193630640655315,0.013482439809153276
0.375,0.5223396266961519,0.3225217223579374,0.15513865094591073,0.015334881394817021,0.0145419179421163,0.011571621554697304
0.5625,0.42521381341431824,0.5049045936427846,0.06988159294289724,0.015337205962325533,0.015473176895947708,0.007859920747918334
0.75,0.29631760460819756,0.6786355678256297,0.025046827566172707,0.01405082345470245,0.014430120353940062,0.004785797929801492
0.0,0.591455799521261,4.784911058475802e-05,0.40849635136815426,0.016230507618367498,0.00021319177541338102,0.016235895315915388
0.1875,0.6138860994856916,0.13720629612391189,0.24890760439039658,0.014622985619861445,0.010944399230716767,0.013084950216243087
0.375,0.5242360989568666,0.3237392569732224,0.15202464406991095,0.01551975167733908,0.015171782594631622,0.011301308528953238
0.5625,0.39662711856584565,0.5109236016249808,0.09244927980917356,0.015226436717964583,0.01529351729329139,0.00934621696272564
0.75,0.29568379207264045,0.6789974435747751,0.025318764352584445,0.014554986141878353,0.014626476703035386,0.004909286977862077
0.0,0.6828997367172747,0.0,0.31710026328272534,0.01389338322107122,0.0,0.01389338322107122
0.1875,0.6134383694183616,0.13606891473268612,0.2504927158489523,0.015250576273476113,0.010640509549654986,0.01401598441827175
0.375,0.5191833045125214,0.3210406728058257,0.1597760226816528,0.015498455771778094,0.015239455170339007,0.011167428027232085
0.5625,0.39798079529492286,0.5106420616030674,0.09137714310200971,0.015350018389409291,0.015451212368956574,0.009169580848701491
0.75,0.2965953713639568,0.6784113138566378,0.024993314779405466,0.014479559504141615,0.014685862680437393,0.004799441455945012
0.0,0.68091292943499,0.0,0.31908707056501007,0.01475310086053905,0.0,0.01475310086053905
0.1875,0.6167943410370034,0.13897377863015944,0.24423188033283713,0.01613951678216634,0.0116096128624806,0.013584332625593365
0.375,0.5255436443624958,0.32230522900259817,0.15215112663490607,0.015421247744854783,0.014621788866947937,0.01149638168020781
0.5625,0.39619683820058754,0.5108458006459492,0.09295736115346323,0.015393995788729872,0.015776142654283225,0.009383106459587948
0.75,0.29623063825044216,0.6782388985555737,0.025530463193984054,0.014356485136209823,0.014730993008626611,0.00493459506423902
0.0,0.6819020020103372,0.0,0.31809799798966276,0.014781408422986997,0.0,0.014781408422986994
0.1875,0.6174802833597339,0.13885865008073903,0.2436610665595271,0.015020820178139254,0.01082089399163959,0.013894034832176107
0.375,0.5097055138202079,0.3200556779230192,0.17023880825677298,0.016101949473226185,0.014841512359245664,0.011431011955247051
0.5625,0.4242072130325455,0.5043631198827291,0.07142966708472538,0.015579845477442343,0.01537806617438573,0.008207988550475923
0.75,0.31418932146879264,0.6746089812061368,0.01120169732507058,0.014815547595351418,0.014760358517800543,0.0033588644206688435
0.0,0.5916685477247541,0.0,0.4083314522752459,0.015372012812300665,0.0,0.015372012812300667
0.1875,0.6162225469377668,0.13878222527970002,0.24499522778253333,0.015018644622772168,0.011033962470719368,0.012593863849387243
0.375,0.5259389926117324,0.3218626382862031,0.15219836910206452,0.01567280944580385,0.01500650688305734,0.01139880330559736
0.5625,0.4258217182195586,0.5032458151626965,0.07093246661774487,0.0158709596863581,0.01611028642062421,0.007794536474033514
0.75,0.3141726149535863,0.6746482854937815,0.011179099552632195,0.014215097942929208,0.014268190233976404,0.003297100171371754
0.0,0.6819734696013364,0.0,0.3180265303986636,0.014467983905624484,0.0,0.014467983905624482
0.1875,0.6148109348092636,0.13911164654995758,0.24607741864077884,0.015379499779569936,0.010662454011448795,0.013737158685711922
0.375,0.5186330959851467,0.3221645604058184,0.1592023436090348,0.01621453530065402,0.0144215117556253,0.011745635172962949
0.5625,0.4251917345412901,0.5036413881314377,0.0711668773272722,0.015174945342336635,0.015291325732848061,0.008102728165495038
0.75,0.31371727021208623,0.674866424514834,0.0114163052730796,0.0145086354249815,0.01460971243639272,0.003323334140504205
0.0,0.591650045573055,3.1834762961087856e-05,0.4083181196639839,0.015197864331606246,0.00017518071673879122,0.015207672859653435
0.1875,0.6100997874234244,0.13295193437478267,0.2569482782017929,0.015569303985660112,0.010474216550296631,0.013986152094327397
0.375,0.5243462509529165,0.3239128124393554,0.15174093660772806,0.015011078125540195,0.014342518718297555,0.01151361840473061
0.5625,0.4251214615484421,0.5035918177775232,0.07128672067403478,0.01582950623686809,0.015771059380314936,0.007815408186568965
0.75,0.29649267035707305,0.6781014022337033,0.02540592740922373,0.014872581066056566,0.015295905246211232,0.004939055376787556
0.0,0.5916287366806121,0.0,0.40837126331938783,0.01514440095850443,0.0,0.015144400958504427
0.1875,0.6163048552549685,0.1395774662422894,0.24411767850274213,0.015675506928841967,0.010960868172585443,0.013692255338443066
0.375,0.5236584107286799,0.3221196732829019,0.15422191598841808,0.016475823209793235,0.014595473917694737,0.011258219390287717
0.5625,0.42520446443467835,0.5036023281090906,0.07119320745623109,0.015481348491314006,0.015545196899372409,0.008198513153309973
0.75,0.29716772862285845,0.676539493844879,0.026292777532262675,0.01398247148422547,0.014602651553509679,0.0051487020937287095
0.0,0.5919064093524998,0.0,0.4080935906475003,0.015018826204031442,0.0,0.01501882620403144
0.1875,0.6159549911968952,0.14021897636351066,0.24382603243959425,0.015173555059627863,0.010905015920263527,0.013521656166336587
0.375,0.5221727584811355,0.32391047040005994,0.15391677111880445,0.01549939338232961,0.014852314034109368,0.011303248721302863
0.5625,0.4209807898374395,0.5017023209761721,0.07731688918638845,0.01587462051899384,0.01584363865575929,0.00852734423748987
0.75,0.296323132789026,0.6787386089821144,0.024938258228859606,0.014480159916753558,0.014883729058729886,0.004909473959006249
0.0,0.6811452189487295,0.0,0.3188547810512706,0.015589680513987918,0.0,0.01558968051398792
0.1875,0.6161002927864082,0.1398045017071331,0.2440952055064587,0.015342955111207639,0.010953561849300096,0.01361489483250859
0.375,0.5243995897010514,0.323332953956315,0.15226745634263364,0.015589595858325011,0.01458500816311028,0.011196199654496475
0.5625,0.42593549146314913,0.5034325491730077,0.07063195936384321,0.015497780824527817,0.015455723729309286,0.007887370633638981
0.75,0.31373680846237395,0.6744064416073311,0.011856749930294829,0.01481474451012667,0.014924501279109801,0.0034516934309751566
0.0,0.6812770061686167,0.0,0.3187229938313833,0.014256254197857308,0.0,0.014256254197857308
0.1875,0.6165496861418156,0.13983443638378287,0.24361587747440155,0.015435629940039811,0.010767761591387532,0.013903123641128813
0.375,0.4140396994685019,0.3272303699004442,0.258729930631054,0.015914512289097696,0.0142783121062198,0.01375821889157221
0.5625,0.4159131890194361,0.5033343538926368,0.08075245708792712,0.015426213030744628,0.015951048161954997,0.008632549875443247
0.75,0.31208332090919977,0.6749112728395937,0.013005406251206568,0.014575010033082453,0.014568389110612819,0.003598797456230053
0.0,0.6818950656759519,0.0,0.3181049343240479,0.015218557082885774,0.0,0.015218557082885772
0.1875,0.6159695433944923,0.13974902878148088,0.24428142782402684,0.015260702827184823,0.011396156871045395,0.013339900452427184
0.375,0.5239517627590178,0.32274337408573067,0.15330486315525155,0.015420973291896884,0.015160095753805237,0.01129287681892427
0.5625,0.3951961428326956,0.5099362270627915,0.09486763010451285,0.015611301281298978,0.016060910793896592,0.00955058513058102
0.75,0.23816037036662532,0.6857976727743171,0.07604195685905754,0.012894143901128226,0.014514045971045386,0.008289645503132903
0.0,0.6815268889955025,0.0,0.31847311100449743,0.015433065224606976,0.0,0.01543306522460698
0.1875,0.6093279610507433,0.1332704295939026,0.25740160935535406,0.0161632046315278,0.01121520497931597,0.01349320564145577
0.375,0.5250483264313801,0.32347493363193724,0.15147673993668256,0.01617449618063693,0.014807217089694263,0.011254351103039057
0.5625,0.42318770232833175,0.5032359318927515,0.0735763657789168,0.015917815000772797,0.01599479882513851,0.008264244167741911
0.75,0.2961110359092416,0.6782368442846641,0.025652119806094376,0.014599969744445017,0.014729133137282259,0.005090063621498156
0.0,0.6822689581554723,0.0,0.31773104184452766,0.014526395096972218,0.0,0.014526395096972216
0.1875,0.6159179789514739,0.13849899623289047,0.2455830248156356,0.015271212902517357,0.010991845247744164,0.013100550896078419
0.375,0.5255343900604872,0.32256582876154827,0.15189978117796454,0.015993477575356272,0.014649105831023282,0.011620783695473353
0.5625,0.41692715677501757,0.5017597108253616,0.08131313239962087,0.01491739236096284,0.015161736511376344,0.008562305761074104
0.75,0.2965489099747554,0.6784113570577249,0.025039732967519577,0.014306791294033365,0.014748802078975838,0.005010014777057188
0.0,0.6811590524449128,0.0,0.31884094755508713,0.014762420601166379,0.0,0.014762420601166379
0.1875,0.616814279214826,0.13883642358148135,0.24434929720369275,0.014754352012390361,0.010850889518320892,0.013436034253623592
0.375,0.5228456983968319,0.3234175458279331,0.15373675577523488,0.015862326630538662,0.01465905446843121,0.01173029557104
0.5625,0.42635972900810415,0.5034854155475443,0.07015485544435154,0.015610021541539454,0.01607836588435457,0.0079524997580545
0.75,0.3144563635594127,0.6742539418966256,0.011289694543961752,0.014291381609285577,0.014533365316805769,0.003362538028938406
0.0,0.6820693501772623,0.0,0.31793064982273767,0.014785479616610059,0.0,0.014785479616610057
0.1875,0.6159920006573993,0.13956079324216694,0.24444720610043366,0.014735448117818102,0.010882444020135933,0.013385745807305904
0.375,0.524543144872622,0.3233663998238865,0.15209045530349152,0.015827330496991088,0.01481994299716832,0.011404377282216377
0.5625,0.424681064773148,0.5041963162963552,0.07112261893049689,0.015332177452764075,0.01583334374739745,0.008133279341836738
0.75,0.29682011952737203,0.6782255938956193,0.024954286577008596,0.014796059322661648,0.01521006508824715,0.005026961629582197
0.0,0.681463767579699,0.0,0.3185362324203011,0.014691145577428252,0.0,0.014691145577428252
0.1875,0.6140421474074255,0.13772058415774108,0.2482372684348335,0.015638552382883305,0.011026095802113126,0.01389569076037975
0.375,0.5229920930755293,0.32370961805864557,0.15329828886582514,0.015429567562602305,0.014576418701355358,0.010973468866901825
0.5625,0.4254191218895968,0.5038599577671852,0.07072092034321802,0.01524349611349316,0.015529446950084262,0.007913248485634183
0.75,0.2964464410196711,0.6783492284660705,0.025204330514258397,0.01392922939596294,0.01440694765718237,0.004754789664822559
0.0,0.6821480983210249,0.0,0.31785190167897515,0.0145596868050534,0.0,0.014559686805053396
0.1875,0.6129890559467289,0.13545726409805806,0.2515536799552129,0.015682645567568747,0.010956850896338147,0.01382623313463298
0.375,0.5206229122208451,0.3217451864510732,0.1576319013280816,0.015405186399829728,0.014727812815919982,0.011579685185295624
0.5625,0.39773127164094724,0.5096564681066029,0.09261226025244985,0.015263036588354801,0.015530831488987509,0.008949301051644477
0.75,0.29629886995414456,0.6785691394878979,0.02513199055795767,0.014433555783619552,0.014733686003905804,0.0048479519998173865
0.0,0.6826350685362425,0.0,0.31736493146375766,0.015194690728920043,0.0,0.015194690728920041
0.1875,0.614194945517238,0.13884554184914544,0.24695951263361668,0.015134032771130708,0.010853396199406846,0.013348982015930684
0.375,0.5124643217050756,0.3200812588630075,0.1674544194319169,0.0158511051327738,0.014386486216239117,0.012330074763144289
0.5625,0.42658199254930534,0.5026645532858061,0.07075345416488855,0.01610343490220169,0.016533055076968794,0.008146654635930143
0.75,0.31414620672788823,0.6747091070703717,0.011144686201740065,0.014422898988946949,0.014570785265618284,0.0033315799453832347
0.0,0.681054611944405,0.0,0.318945388055595,0.014963286283659128,0.0,0.01496328628365913
0.1875,0.6143162300220534,0.1369488690650054,0.2487349009129413,0.01546757804367828,0.011195541845640951,0.013286551850119297
0.375,0.5238603089310835,0.32264240759937945,0.15349728346953703,0.015643226408387632,0.014622154272731416,0.011655343748147667
0.5625,0.39516349049270433,0.5099854833630482,0.09485102614424747,0.015154651765574678,0.01582269848226239,0.009471591536411797
0.75,0.29653733229220974,0.6778045009258069,0.025658166781983394,0.014476087466640994,0.01478124998365497,0.004903968623893066
0.0,0.5917516859566593,0.0,0.4082483140433407,0.01597154795046728,0.0,0.015971547950467284
0.1875,0.6164973408683914,0.13936849985167504,0.24413415927993362,0.01511866991562918,0.010814594769833924,0.0137048543516929
0.375,0.5247650849550314,0.3224114643734315,0.15282345067153705,0.015653804057928516,0.015094884519920979,0.011329032444005245
0.5625,0.32803859622345816,0.5164420647575817,0.15551933901896017,0.014799843685931664,0.015557119521618727,0.011231249421148002
0.75,0.2967119527379238,0.6780377936136381,0.025250253648438196,0.014428253238124893,0.014724043032240857,0.004933165742400924
0.0,0.6819658075158718,0.0,0.3180341924841282,0.014687103379818316,0.0,0.014687103379818316
0.1875,0.6166966762607157,0.13893716577806836,0.24436615796121589,0.01591702008234984,0.0113289766087839,0.014101154700786973
0.375,0.5254030513408222,0.3220151372864779,0.1525818113726998,0.015540601346981717,0.014697855219102229,0.0111949881372702
0.5625,0.4262773395343177,0.5027786185008075,0.07094404196487482,0.015507830337717219,0.015443097984027999,0.008225972861860427
0.75,0.31378960791528754,0.6748072630455003,0.011403129039212055,0.015207481728356634,0.015286576272769047,0.003421098466358354
0.0,0.6816996185220976,0.0,0.31830038147790235,0.015026126448208823,0.0,0.01502612644820882
0.1875,0.6135887266540067,0.13692799094207633,0.24948328240391707,0.015603763971992037,0.011013761452773316,0.013872353419886983
0.375,0.5232196725830176,0.3231070562109975,0.1536732712059848,0.016435271193707923,0.014806929516604905,0.011901505512160066
0.5625,0.3970180376185679,0.5109510219966228,0.09203094038480931,0.01516591713023017,0.015276863914559572,0.009118166875802223
0.75,0.3144359298409984,0.6741232800042699,0.011440790154731652,0.014754352330719913,0.014844774509531092,0.00340182314653096
0.0,0.6820877164434626,0.0,0.31791228355653744,0.01360983490496235,0.0,0.013609834904962348
0.1875,0.6142993373248358,0.13803034958557772,0.24767031308958665,0.015138614454674463,0.010994793999250213,0.013613780305010162
0.375,0.5247777665593212,0.32297347175539,0.15224876168528878,0.016229556693645626,0.015232688564967383,0.010722640331225195
0.5625,0.3977840055202574,0.5102278418633928,0.09198815261634996,0.016080956608497603,0.015845714732068222,0.00916045322960251
0.75,0.3144217820065604,0.6743300445845266,0.011248173408913015,0.01474470107073213,0.014668881561260552,0.003241596518091309
0.0,0.6819337163968334,0.0,0.3180662836031664,0.014833527475839757,0.0,0.014833527475839757
0.1875,0.6158677128131748,0.13986421358664988,0.24426807360017533,0.015574481636578343,0.011032098111307934,0.014223108296368607
0.375,0.5153702314787438,0.32096036592479943,0.16366940259645685,0.015626962222732903,0.014814057486618744,0.011253455073488986
0.5625,0.4254975867533767,0.5038934199497266,0.07060899329689678,0.015847700715001058,0.016099337361540553,0.008238003336952912
0.75,0.29661807050740086,0.6782760767390085,0.025105852753590754,0.01460581861807291,0.01464534043098383,0.0050205041842522335
0.0,0.6816763039285663,0.0,0.3183236960714337,0.014493909757780525,0.0,0.014493909757780525
0.1875,0.6142569775842808,0.13849597685965115,0.24724704555606797,0.015359464626824913,0.01076113922869283,0.013461928189085043
0.375,0.5176574484089896,0.32192748599363913,0.16041506559737106,0.016105551705009095,0.01483146912963222,0.011574912211490068
0.5625,0.4187848738554975,0.5036338828285165,0.07758124331598591,0.015900941924627557,0.0160113523993149,0.008551794365793832
0.75,0.2973610808829195,0.6772978917469297,0.02534102737015084,0.013966716566138458,0.014123231400263126,0.004949563197725913
0.0,0.6815142543296573,0.0,0.31848574567034266,0.014754032404191248,0.0,0.01475403240419125
0.1875,0.6160994997173732,0.13996107765266094,0.24393942262996593,0.015291627550883558,0.010997399209108338,0.013959913156762756
0.375,0.5244633425816235,0.32295552283954215,0.1525811345788342,0.0160641967255321,0.014894218632299353,0.011394349237291105
0.5625,0.42540451706324767,0.503531987439167,0.07106349549758523,0.01600695499590418,0.016332843362411434,0.008014797115935285
0.75,0.31386987610685524,0.6745632159978242,0.011566907895320593,0.014956635345956603,0.014915633371167006,0.003400929598803881
0.0,0.6807813084480474,0.0,0.31921869155195265,0.014861541443013673,0.0,0.01486154144301367
0.1875,0.6158642263816992,0.13942791846252642,0.2447078551557742,0.015318052543098754,0.011112956205592307,0.013332148512570715
0.375,0.5148715205094279,0.3213429933906608,0.16378548609991123,0.01616787513032162,0.015300205228555921,0.011982995765756456
0.5625,0.4234780607905691,0.5046148936062368,0.07190704560319418,0.01598603519734396,0.01616402558003126,0.008293189269587928
0.75,0.29760479807787443,0.677360203043041,0.02503499887908452,0.014730268074737556,0.015085111462954078,0.004904600358223843
0.0,0.681211680386425,0.0,0.31878831961357507,0.01477182137027081,0.0,0.01477182137027081
0.1875,0.6173335901837775,0.1388463585690267,0.2438200512471957,0.015173815180851329,0.010756149954207608,0.013634570868308049
0.375,0.5175286635431198,0.32356922306925195,0.1589021133876282,0.01573582889998812,0.014856385904724694,0.01124703059550735
0.5625,0.39771303637588046,0.509432022535737,0.0928549410883825,0.015342150703102084,0.015864274693767166,0.009221095981945952
0.75,0.3149115323137603,0.6737736834677854,0.011314784218454265,0.015277470361897864,0.015434939152380775,0.0034161992057226104
0.0,0.5919624638640782,1.1848001877665487e-05,0.408025688134044,0.016262872504234117,0.00011616689893109619,0.016256873819985165
0.1875,0.6157886278081376,0.1397718397477157,0.24443953244414665,0.015896027649596405,0.010852710277576488,0.014028617116877425
0.375,0.5175151772266786,0.32146647853569793,0.16101834423762348,0.01581630850807036,0.0143473258131395,0.011598100815744665
0.5625,0.40877991628438903,0.5041837898201394,0.08703629389547146,0.015743382676918556,0.01607270975786339,0.008604724232956407
0.75,0.3144831678337659,0.6741834827660114,0.01133334940022266,0.01414104307402608,0.014351039004390253,0.0033449606196668
0.0,0.6812246656718763,0.0,0.3187753343281237,0.014605136593085781,0.0,0.014605136593085785
0.1875,0.6164974086538206,0.13905416392724207,0.24444842741893724,0.015458537981599166,0.011409086217213971,0.013988777931901508
0.375,0.5252663265421288,0.32174963224883185,0.1529840412090393,0.015772679358276535,0.014567155420661566,0.011566198955013525
0.5625,0.4263529593895139,0.5028966559563515,0.07075038465413465,0.015942708777565383,0.0160518371709319,0.007989528053849278
0.75,0.2961603504901842,0.6788619266567826,0.024977722853033173,0.014159070299143199,0.014637161072545543,0.004926419829745718
0.0,0.681345673857605,0.0,0.31865432614239503,0.015397601379234967,0.0,0.015397601379234967
0.1875,0.6157246378256871,0.13909846899057193,0.2451768931837409,0.015016519813041859,0.010861123847687915,0.013627057669687961
0.375,0.521692250855277,0.32287524590358707,0.15543250324113578,0.016253009214190522,0.015295977604866937,0.011548498976882138
0.5625,0.40637450014340265,0.5045290362667365,0.0890964635898608,0.015597824151092841,0.01597337950534338,0.008931701330342663
0.75,0.2960976362953643,0.6790044321274145,0.024897931577221116,0.014170608551646808,0.014642160640333789,0.004880637136054891
0.0,0.6819543754704139,0.0,0.3180456245295862,0.014367161637820343,0.0,0.014367161637820342
0.1875,0.609337517145686,0.13332559821282525,0.25733688464148874,0.015407105137661508,0.011180874533361609,0.013837963528946614
0.375,0.5247207565099244,0.3229274974082222,0.15235174608185337,0.015494413853604332,0.01450079367746002,0.011669747295630062
0.5625,0.39673967621720313,0.5106103033471282,0.09265002043566868,0.015138335451438162,0.01587150843921577,0.009126113307236814
0.75,0.2965303107334139,0.678189442955673,0.025280246310913135,0.014735028851090319,0.015168492728910087,0.005019659414668568
0.0,0.6808375994120147,0.0,0.3191624005879854,0.015068025639027907,0.0,0.015068025639027907
0.1875,0.6160574064928376,0.13962321285419738,0.24431938065296516,0.01497361524372213,0.010770516126666973,0.013324858802773286
0.375,0.5247018380403767,0.32341965977834125,0.15187850218128204,0.01575529807128604,0.014614621938823603,0.011657979793362196
0.5625,0.4261699604631981,0.5029917237375646,0.07083831579923726,0.015652488847205694,0.016063534654318073,0.00846634823466137
0.75,0.29608966761912237,0.6787663710044927,0.02514396137638495,0.014440207097718658,0.014839340786352706,0.004873070126650345
0.0,0.592021812325248,0.00011207829302230497,0.4078661093817296,0.015458734290928228,0.00033414785909718523,0.015435112525688003
0.1875,0.5345649445615138,0.06964262724009236,0.39579242819839383,0.01574277126602121,0.007886105530104699,0.015936920874563602
0.375,0.5251214302932035,0.3224911352306225,0.1523874344761739,0.01635274916805042,0.014872019794869311,0.011671627770232031
0.5625,0.4220666922579744,0.5035362041049873,0.07439710363703836,0.015914220042136426,0.016305349569719088,0.008557291553603224
0.75,0.29108909980660225,0.6775306413315925,0.031380258861805274,0.014774926329369864,0.015306336728767835,0.005483569975808733
0.0,0.6821658214286856,0.0,0.31783417857131446,0.014395068127415724,0.0,0.01439506812741572
0.1875,0.6153691597277495,0.1388759993564538,0.24575484091579664,0.0156711181103055,0.011307086991203965,0.013647002152878989
0.375,0.5241343178340696,0.3223362089961136,0.1535294731698167,0.015516575824081414,0.01511165000646229,0.011473479527357777
0.5625,0.4254033373223721,0.503742850006977,0.07085381267065084,0.01480306078402842,0.015166086219576137,0.007855207184180682
0.75,0.3138752879881412,0.674540630345593,0.011584081666265941,0.014812209602327146,0.015076144254055478,0.0032944635842414314
0.0,0.6821098631351895,0.0,0.31789013686481055,0.014742313920063322,0.0,0.014742313920063324
0.1875,0.6166237797020525,0.13936967466540506,0.24400654563254245,0.015437362014924622,0.010734596501458438,0.013395359568165224
0.375,0.5237134095290376,0.3231993975651616,0.15308719290580086,0.01568829626994086,0.01454428532920813,0.010840060420058726
0.5625,0.39766730903309866,0.5096160684203531,0.09271662254654829,0.015280945232708464,0.015533339132378643,0.00937891152920545
0.75,0.31439127271658446,0.6741472915538952,0.011461435729520221,0.014176018124726889,0.014253870188863989,0.0033733894317951713
0.0,0.6815675975001145,0.0,0.31843240249988547,0.014594219570370501,0.0,0.014594219570370501
0.1875,0.6160706160528586,0.13918071430127948,0.24474866964586175,0.01490007922630347,0.010816350059062311,0.01336955369048123
0.375,0.5086774117430968,0.3201135214562063,0.1712090668006968,0.016163668162420878,0.014580295330138202,0.012240333203057969
0.5625,0.42589995362011573,0.5034119919897867,0.07068805439009748,0.016174464721643304,0.01642317430804325,0.008296569975567944
0.75,0.29635653033630016,0.6785094538587673,0.025134015804932665,0.014300385350901678,0.014929100224233586,0.005053786682841985
0.0,0.6811446090185344,0.0,0.3188553909814657,0.014930989404924527,0.0,0.014930989404924528
0.1875,0.6098479828364461,0.13385650579270544,0.25629551137084844,0.015459173228051067,0.011008127123935627,0.013909627020573518
0.375,0.5084734672021181,0.3191126340454368,0.17241389875244512,0.015375044626221015,0.014588164182066096,0.012037168500590287
0.5625,0.4262522341912384,0.5029267232956247,0.0708210425131369,0.016379913810241474,0.016351106731936026,0.007880161189696519
0.75,0.2964425287497561,0.6787929493267304,0.02476452192351353,0.013926990750181733,0.014362871468924192,0.005062567922607196
0.0,0.6817363219643366,0.0,0.31826367803566324,0.014742336251903096,0.0,0.014742336251903092
0.1875,0.6151785660343564,0.13987678386468755,0.24494465010095604,0.015074366765950576,0.011089487766825256,0.01368266639143779
0.375,0.5101477467588403,0.32014831265669186,0.1697039405844678,0.016316098707364727,0.015254804157895548,0.012044878488104385
0.5625,0.4274181533946413,0.5024049971105695,0.07017684949478918,0.015783340981488612,0.015406593827670047,0.008299231362553585
0.75,0.314851986526993,0.6737689644453962,0.011379049027610683,0.014922740666644166,0.014908758779817533,0.0032209496251035478
0.0,0.681537116437127,0.0,0.3184628835628729,0.014741426333352216,0.0,0.01474142633335221
0.1875,0.6175426146367126,0.13886408733815683,0.24359329802513072,0.015235076537405105,0.01077032971709971,0.013447049180530794
0.375,0.5239764518969592,0.3235743421328848,0.15244920597015607,0.015276035774953737,0.014608980184640229,0.011228108933476595
0.5625,0.42489978346836355,0.5047029163608319,0.07039730017080464,0.01568223307283584,0.015377457846835306,0.00805576887080116
0.75,0.3129201627536778,0.6750810321021002,0.011998805144221955,0.014819419989619585,0.015029649000197612,0.0034747620161904055
0.0,0.682201646496293,0.0,0.31779835350370694,0.015545420426531613,0.0,0.015545420426531611
0.1875,0.6158511963466815,0.13973370446395916,0.24441509918935936,0.015160764023154558,0.01079185896002502,0.013509186773778312
0.375,0.5248353502251065,0.32290298413784035,0.15226166563705323,0.015982528381565855,0.015049094584323706,0.011501468761220284
0.5625,0.42437798528813275,0.5039528693723333,0.07166914533953395,0.015858578389798435,0.016176265527420745,0.008209417036838886
0.75,0.3116530656483994,0.6757151932940691,0.01263174105753156,0.014509547807027501,0.014549678881671762,0.003624519236971978
0.0,0.6812867260418813,0.0,0.31871327395811866,0.014508369102786809,0.0,0.014508369102786807
0.1875,0.6160795675539541,0.13884346901678163,0.24507696342926433,0.014974908947945054,0.010798384457298285,0.01345528132836566
0.375,0.5255830231955411,0.32290973069747614,0.15150724610698274,0.015900424072828462,0.014746869102704039,0.011488227854209488
0.5625,0.42254791262388464,0.5025616825947977,0.07489040478131759,0.015302332426271931,0.015890033013811904,0.008012582965913591
0.75,0.31524091546664446,0.6734149426337274,0.011344141899628178,0.014779841745820114,0.014817322416056027,0.0032652133209984087
0.0,0.6822587378047822,0.0,0.3177412621952178,0.014478376203082347,0.0,0.014478376203082345
0.1875,0.6159737088442243,0.13882432413683063,0.2452019670189451,0.015670351888333524,0.01130702680363494,0.013837937719477942
0.375,0.5243153282292634,0.32314143242892013,0.15254323934181638,0.015775528116135265,0.014528583307529363,0.011428207157332636
0.5625,0.4177687951797684,0.5024469024385864,0.07978430238164519,0.015303996417134596,0.015429480419039791,0.00867495747636018
0.75,0.31347673378652857,0.6737830947665261,0.012740171446945333,0.014926651181501818,0.015164269503972726,0.0034610298655935808
0.0,0.6809413832362904,0.0,0.31905861676370967,0.014457049137074853,0.0,0.014457049137074848
0.1875,0.6162052011719404,0.13985673383223082,0.24393806499582876,0.015025023344409366,0.01084308133593046,0.013250034567739806
0.375,0.5253333656821778,0.3229378990885925,0.15172873522922964,0.015515355738224811,0.014206073271933418,0.011841216815628558
0.5625,0.4201860636883392,0.5038902557198164,0.07592368059184422,0.0148224624875007,0.015208647888723168,0.008148219840107036
0.75,0.2967243473417444,0.6776510746890053,0.025624577969250197,0.014251560909422359,0.014606545321236404,0.004920848413648164
0.0,0.5910456389377371,9.99000999000999e-07,0.40895336206126387,0.015776844594982367,3.157538587268553e-05,0.01577582376477105
0.1875,0.6162542753289966,0.13944921797884188,0.24429650669216163,0.01488781257403789,0.011225441430775815,0.013004448958075019
0.375,0.5205781406838821,0.32210807334749325,0.15731378596862458,0.015616595315809388,0.014684987250223639,0.011285072000775873
0.5625,0.3973480570973693,0.5092240231941118,0.093427919708519,0.01481600833579048,0.01518702821156567,0.009218453252956919
0.75,0.3145656589073281,0.6738661222117364,0.011568218880935505,0.014746914071580174,0.014819046401498347,0.0035351174761388744
0.0,0.68220930346346,0.0,0.3177906965365402,0.014023635487281466,0.0,0.014023635487281466
0.1875,0.6097527707521851,0.1331074826490319,0.2571397465987829,0.015145436592643294,0.010483038470577305,0.013834817524205904
0.375,0.52520956104675,0.3231740866599971,0.15161635229325282,0.015709392035770826,0.015273263898519749,0.0113919009681172
0.5625,0.3976887995155993,0.5103096479882288,0.09200155249617192,0.015866183014714173,0.016405482046348317,0.009157127293414983
0.75,0.29620140698037617,0.6785544949558618,0.02524409806376197,0.014469323781857201,0.01488505347919707,0.004849030730805411
0.0,0.6816345625163237,0.0,0.31836543748367624,0.014808935481105016,0.0,0.014808935481105016
0.1875,0.6130964076580333,0.13708588305205927,0.24981770928990737,0.015384066323464386,0.010594746604695813,0.013900490580514758
0.375,0.5151856278744312,0.3201862987492266,0.16462807337634222,0.016339392718830052,0.014996272833695737,0.011237671897163598
0.5625,0.5314813110898824,0.07049567093021177,0.39802301797990586,0.01593915354106132,0.008084241347615278,0.01591792069530929
0.75,0.31360195313452144,0.6747221190947469,0.011675927770731584,0.014757637834204786,0.014836420504850774,0.0034132101025711394
0.0,0.5910075739376064,0.0,0.4089924260623936,0.015036474871356894,0.0,0.015036474871356897
0.1875,0.6121851724350991,0.1350877153337151,0.2527271122311858,0.01532831306016081,0.010984821764680996,0.01361993592162024
0.375,0.5243375423106417,0.32305733375444734,0.1526051239349111,0.01557185480076652,0.014536509015875587,0.011570708770512538
0.5625,0.4199372478087679,0.503557645178787,0.07650510701244503,0.015085893773161092,0.015277021848220291,0.00852126743690769
0.75,0.29668444795082105,0.6779833880260596,0.025332164023119424,0.014988244537498125,0.01515207455895368,0.005244803411455678
0.0,0.6814668054524385,0.0,0.3185331945475615,0.014739361940899828,0.0,0.014739361940899826
0.1875,0.6152240803103822,0.1386556548805291,0.24612026480908866,0.014897653647721642,0.010868784743996437,0.013307770988012647
0.375,0.5212645527674902,0.3209637655084484,0.15777168172406142,0.01510471838672729,0.014470421398759233,0.011441562281240658
0.5625,0.42134254652333836,0.502748972187308,0.07590848128935375,0.015731686198126846,0.01537846349525877,0.008424124969343997
0.75,0.2964008016934542,0.6786058287386625,0.024993369567883228,0.014485821064837888,0.014806351710757266,0.005007255615878141
0.0,0.5915873677453515,0.0,0.40841263225464836,0.015521046670202777,0.0,0.015521046670202777
0.1875,0.6160760568304143,0.13907621168471004,0.24484773148487562,0.0156249849732538,0.011064572895631423,0.014111888640778112
0.375,0.5236163830796259,0.32298728728141696,0.15339632963895714,0.015512479703380301,0.014713793129225047,0.011453266355408881
0.5625,0.3960281591020778,0.5113008108953538,0.09267103000256827,0.015618379927077222,0.016085019640887696,0.009371002465215885
0.75,0.31400874097423287,0.6747108205885957,0.01128043843717147,0.014918971184363701,0.015014888700829239,0.003380947902373284
0.0,0.6814425695737087,0.0,0.31855743042629114,0.014404270410071834,0.0,0.014404270410071836
0.1875,0.6087853122394569,0.13391108976592955,0.2573035979946136,0.015185797523369638,0.010624389467123782,0.013322232731350567
0.375,0.5256880508301697,0.3228405934116425,0.1514713557581878,0.015165948407252276,0.014648614778878953,0.011401776702559156
0.5625,0.3979265422568552,0.5095473151682905,0.09252614257485434,0.016115594399652416,0.016359666463672377,0.008949139417982086
0.75,0.29606535485388547,0.6788603801165178,0.025074265029596653,0.014547224085393386,0.014852460147514802,0.004864697889462374
0.0,0.6817024315259054,0.0,0.3182975684740946,0.015594589075037888,0.0,0.015594589075037888
0.1875,0.6091240580308822,0.13280627041685658,0.2580696715522611,0.014908086732257618,0.010476983605999414,0.0136670543282586
0.375,0.5107327614910724,0.32032037047537737,0.16894686803355022,0.0155909723125389,0.01478940394003207,0.011786302340726007
0.5625,0.42551574617975757,0.5040420794545067,0.07044217436573566,0.015171176025953737,0.015462374988828657,0.00813511283251901
0.75,0.29712242027543107,0.6779322975638165,0.02494528216075256,0.014426340530557455,0.014763311767584619,0.0050522319483930845
0.0,0.6821380713925203,0.0,0.3178619286074797,0.015246698977638622,0.0,0.015246698977638622
0.1875,0.6159899301887533,0.1396013034451435,0.2444087663661032,0.015132958605973884,0.01102967821022834,0.013426052377761087
0.375,0.5092311197657382,0.3198649298378907,0.170903950396371,0.016315656756813304,0.015367057424417817,0.01218557194739798
0.5625,0.3969354528037561,0.5106402469372465,0.0924243002589974,0.015920612778467007,0.01588392999994939,0.009416345446432465
0.75,0.31347579283577603,0.6747076869963023,0.011816520167921795,0.014791363311863755,0.015003246466800303,0.0034080237839958197
0.0,0.6821157881872987,0.0,0.3178842118127013,0.014931535626133235,0.0,0.014931535626133233
0.1875,0.6092507226775938,0.13385786362649368,0.25689141369591256,0.01528440873002653,0.010957180035219977,0.013656046873824226
0.375,0.5121736004386432,0.31950263241908533,0.16832376714227135,0.015500988800571283,0.01425986927280259,0.011768519734137506
0.5625,0.4255365327600201,0.5041344811894886,0.0703289860504912,0.015412264592290597,0.016063148782316117,0.008196303775360122
0.75,0.31288898767309165,0.6749976923514407,0.012113319975467626,0.01424635634200829,0.01435810708312377,0.003387248498185329
0.0,0.6825358824512988,0.0,0.3174641175487012,0.014706277195930923,0.0,0.014706277195930923
0.1875,0.6161626889229942,0.13921378773216464,0.2446235233448411,0.015140436609240974,0.010998535402916138,0.013734689708435305
0.375,0.4133535659623841,0.3278509356605072,0.25879549837710863,0.015281609797304219,0.014771884246654031,0.013994461926594459
0.5625,0.3976157828146537,0.5097224498079844,0.09266176737736181,0.014959469095552963,0.015293174585703017,0.009351444664209202
0.75,0.29618083951851304,0.6777962281726823,0.026022932308804578,0.01442881183868959,0.0148330414653372,0.005157800428842261
0.0,0.5920723778042809,3.964628094640289e-06,0.40792365756762444,0.015192162241964555,6.256318743207776e-05,0.015190113694879475
0.1875,0.6091730294772745,0.13412394587170054,0.25670302465102496,0.015574302870764079,0.010735326984482495,0.013755107115571803
0.375,0.5185116348557219,0.32106272984880907,0.16042563529546897,0.01621878714350099,0.014899183888149424,0.01157416495769005
0.5625,0.4236128891407238,0.5035045376598607,0.07288257319941555,0.015398144008517823,0.015854867808792566,0.008187641542245938
0.75,0.23893898126413324,0.6851407568799507,0.07592026185591594,0.013487175624962742,0.014623951616869245,0.008136705752571092
0.0,0.5913576407724195,0.0,0.4086423592275806,0.015422960610209466,0.0,0.015422960610209464
0.1875,0.6155838520413405,0.14043228919685202,0.24398385876180748,0.015632150257281548,0.010819721277929387,0.013735529778671011
0.375,0.4933022198187655,0.3224296962078381,0.18426808397339636,0.015060807396413887,0.01445327421957779,0.011558829034614618
0.5625,0.4023754197562855,0.5045798047473397,0.09304477549637484,0.015808293334176535,0.016111290789597745,0.009157244656509977
0.75,0.3138640620159486,0.6744119000336919,0.011724037950359506,0.014605206571366929,0.014686364053553383,0.0034410462447786298
0.0,0.6814256289537003,0.0,0.3185743710462997,0.015551917401608625,0.0,0.015551917401608623
0.1875,0.6103537465833611,0.13329058180760295,0.256355671609036,0.015156541510477838,0.010535086459317326,0.013946472954637279
0.375,0.5085235612337367,0.3184378536194465,0.17303858514681678,0.01570111628361202,0.015090179201172041,0.011690221062540385
0.5625,0.4212559137315786,0.5032214227966505,0.07552266347177103,0.015785857954056452,0.015964152971314823,0.008075869386291065
0.75,0.2969732578287893,0.6778119972988338,0.025214744872376786,0.014458092577555004,0.014921714154716428,0.00495238364541522
0.0,0.6806060139698604,0.0,0.31939398603013947,0.0151292079928924,0.0,0.015129207992892399
0.1875,0.6158961633680855,0.14009403835044168,0.24400979828147287,0.015110045680305195,0.011063874394312025,0.013433502400438955
0.375,0.5242592888061641,0.3229252699628771,0.15281544123095875,0.016334084820218163,0.015527811362630033,0.011749954312194562
0.5625,0.4255929327033453,0.5038593768760431,0.07054769042061158,0.01521789393657553,0.015042618319447872,0.007953549684820049
0.75,0.2962169175755036,0.6787522415348083,0.02503084088968805,0.014741214269451344,0.014919662239695923,0.00500326294609845
0.0,0.6810551559078066,0.0,0.3189448440921934,0.015468621626908655,0.0,0.015468621626908655
0.1875,0.6157465697013698,0.13945575986791278,0.24479767043071757,0.01627438123387612,0.010934041330781717,0.013636415561464797
0.375,0.509628080717303,0.32000483437428445,0.17036708490841254,0.015193943800583157,0.01473171087312715,0.011672686260007267
0.5625,0.3960764486032409,0.5117402690337081,0.09218328236305101,0.015347891105361644,0.015515533456112205,0.009173673037957825
0.75,0.31433307740733807,0.6740382688134074,0.011628653779254533,0.01384080549627446,0.013867776690596297,0.0035835118300165257
0.0,0.6819393569719424,0.0,0.3180606430280576,0.014370375779982049,0.0,0.014370375779982049
0.1875,0.6160010063055101,0.13893946196219054,0.24505953173229944,0.015364622041645935,0.010538809537151698,0.013667648045743084
0.375,0.5250833076997303,0.32241073496077355,0.1525059573394962,0.015657591388941423,0.014847898636773991,0.011368128273569549
0.5625,0.42615789844441254,0.5034393565698777,0.07040274498570971,0.0162682313481999,0.01691225258743227,0.00841931321341013
0.75,0.29546538890831237,0.6797195687776305,0.024815042314057165,0.01462097189728813,0.014739194414131612,0.004933715781853643
0.0,0.681776287288624,0.0,0.318223712711376,0.014919291481742853,0.0,0.014919291481742852
0.1875,0.6154412363806284,0.1397043837946647,0.2448543798247069,0.01504552435921247,0.011038374324194949,0.013334186001380297
0.375,0.5090763281807871,0.31928923229319844,0.17163443952601456,0.016511171022747698,0.015033802743089368,0.011600343043587261
0.5625,0.4250886657545224,0.5033942876194205,0.07151704662605707,0.015459339751889243,0.015732535548400015,0.008145932361179081
0.75,0.29682821746488924,0.6775743446382648,0.025597437896845918,0.014883740367290578,0.015094345907405972,0.005040799253070901
0.0,0.6822189007007007,9.891196834817012e-07,0.3177801101796158,0.015151471001715109,3.126306751588351e-05,0.015151908546269579
0.1875,0.6163582373825379,0.1388137007940127,0.24482806182344938,0.015654324701679618,0.010882405085127049,0.013970063257769474
0.375,0.5206943743735847,0.32294862784271083,0.15635699778370452,0.01593387383995613,0.014906439082021149,0.011697055894658404
0.5625,0.425357927988313,0.5038754418043924,0.07076663020729462,0.014909302940121981,0.015343233624622196,0.008303795450370752
0.75,0.3139494863510404,0.6745742207268194,0.01147629292214017,0.013955313113907871,0.013900406150843423,0.0034346780158116025
0.0,0.5921133233328938,0.0,0.40788667666710626,0.015586272148816426,0.0,0.015586272148816426
0.1875,0.6141785549813188,0.136622615730078,0.24919882928860312,0.01541433323237246,0.010764034683744187,0.01376373553151479
0.375,0.5251992389260427,0.3221901193617318,0.15261064171222546,0.015635730258437792,0.014840403917359812,0.011128096515291515
0.5625,0.4251614831875397,0.5032506742271405,0.07158784258531978,0.015251513288000116,0.015610694225704012,0.00832102658472585
0.75,0.3146168271975287,0.6741265851090782,0.011256587693393098,0.014787877065667332,0.014860081023668426,0.00335347023715574
0.0,0.5918278046716968,0.0,0.40817219532830323,0.015691482756095193,0.0,0.015691482756095193
0.1875,0.6153299525811672,0.13984717812807299,0.24482286929075991,0.015380298244738853,0.011430512964159588,0.013465330030935113
0.375,0.5180994042330479,0.32094729428308755,0.16095330148386455,0.01527404445845897,0.01535610540557876,0.011298197596321898
0.5625,0.4267836969744689,0.5033681642167719,0.06984813880875919,0.016128062781410844,0.015781939253173144,0.008039580643454777
0.75,0.31428858451500197,0.6742932680199962,0.011418147465001716,0.014392795215089101,0.014646967103155283,0.003280921660969128
0.0,0.6817325106820322,0.0,0.3182674893179677,0.014806903137893575,0.0,0.014806903137893575
0.1875,0.6151968691399964,0.13820276304449686,0.2466003678155068,0.015577882135207086,0.010651319264129154,0.013246076183202234
0.375,0.5236800068655931,0.323486128390211,0.1528338647441958,0.015174423340176435,0.014359790670296272,0.011096351583068608
0.5625,0.39761685709593203,0.5100455711088943,0.09233757179517377,0.015909181706100017,0.016240480127286325,0.009109563642455203
0.75,0.2960511712947452,0.6776983963515619,0.026250432353692916,0.014576041169972388,0.015153652054736854,0.00504520498264041
0.0,0.681505067536561,0.0,0.318494932463439,0.014726426599058037,0.0,0.014726426599058037
0.1875,0.6169114155538923,0.1389788362673662,0.2441097481787414,0.015275964306754515,0.010973436836267858,0.013670511124203514
0.375,0.5240479048993671,0.32335307342377284,0.15259902167685993,0.015475142236233308,0.015124293550348904,0.011310208671380856
0.5625,0.42499462875755434,0.5043362157003096,0.07066915554213607,0.015489506363001858,0.015958645206036678,0.008034373200135564
0.75,0.29478589859588533,0.6781872798859792,0.027026821518135534,0.014393773712368324,0.015128812482992365,0.005088653383626322
0.0,0.5921299074161672,0.0,0.40787009258383267,0.015513241309986233,0.0,0.015513241309986232
0.1875,0.6095684453380563,0.13290438490165768,0.2575271697602859,0.015316179032279479,0.010897467333514575,0.0137036896349279
0.375,0.5223692098100662,0.32355529895729623,0.15407549123263767,0.015612000651755654,0.014889670466198995,0.01142892473476287
0.5625,0.42590549845340386,0.5037258243226501,0.07036867722394598,0.014920424936902139,0.015544950656522828,0.007998696613348672
0.75,0.31487379934222176,0.673582230168875,0.011543970488903295,0.014143467976662598,0.01415377670933244,0.003343911634646223
0.0,0.6821013374338539,0.0,0.317898662566146,0.014466299146841746,0.0,0.014466299146841746
0.1875,0.6170955262305814,0.13865952855029798,0.24424494521912052,0.01466323575577253,0.010974990708547058,0.013414048811339233
0.375,0.5212139263668416,0.321854723591003,0.15693135004215544,0.01570616360473696,0.015378629371242404,0.01167238029108582
0.5625,0.40309241038143445,0.5039709824354324,0.09293660718313324,0.014963578216277801,0.015394447880297675,0.009558113931063941
0.75,0.2962487307342355,0.6788497278524279,0.02490154141333664,0.014771454491838032,0.015159212279002823,0.005024370007473352
0.0,0.6811354523849981,0.0,0.31886454761500194,0.014732085555411419,0.0,0.014732085555411419
0.1875,0.6085169367552451,0.13390738050028456,0.25757568274447035,0.014793080663403745,0.010678982824591217,0.013862351400565995
0.375,0.5177699774868011,0.32044986579146467,0.1617801567217342,0.015826882070850732,0.014380149273057651,0.011241230121124563
0.5625,0.40536361945292254,0.5040175623746196,0.0906188181724579,0.015264683379800003,0.015421398435971165,0.009104090773458709
0.75,0.3073070528603813,0.674953080255589,0.017739866884029672,0.014534949371522927,0.014701478233873104,0.004312749039302034
0.0,0.6819323752700993,0.0,0.3180676247299006,0.015367390759696864,0.0,0.015367390759696864
0.1875,0.6163187852574077,0.13926836534298284,0.24441284939960936,0.014852823343847382,0.010787504175269282,0.013599354798333789
0.375,0.507246158065732,0.32042779706394664,0.17232604487032138,0.015664499623162378,0.014945241773865667,0.012563915552047562
0.5625,0.4245815303912293,0.5043347819822205,0.07108368762655022,0.01505739412651939,0.01547868276292924,0.008282272154881126
0.75,0.3141016810101181,0.6745786667475326,0.011319652242349171,0.014361255864384399,0.014521047070056813,0.003339436274438261
